mutation	mutation_count	lineage_count	gene	ref_aa	alt_aa	codon_num	codon_end	type	prevalence	change_length_nt	pangolin_lineage	id	source
"s:d614g"	15822	16074	"S"	"D"	"G"	614	"None"	"substitution"	0.9843225083986562	"None"	"B.1.351"	"s_d614g"	
"orf1a:t265i"	15805	16074	"ORF1a"	"T"	"I"	265	"None"	"substitution"	0.983264899838248	"None"	"B.1.351"	"orf1a_t265i"	
"orf1a:k3353r"	15787	16074	"ORF1a"	"K"	"R"	3353	"None"	"substitution"	0.9821450790095807	"None"	"B.1.351"	"orf1a_k3353r"	
"e:p71l"	15717	16074	"E"	"P"	"L"	71	"None"	"substitution"	0.9777902202314296	"None"	"B.1.351"	"e_p71l"	
"s:d80a"	15703	16074	"S"	"D"	"A"	80	"None"	"substitution"	0.9769192484757995	"None"	"B.1.351"	"s_d80a"	
"orf3a:q57h"	15663	16074	"ORF3a"	"Q"	"H"	57	"None"	"substitution"	0.9744307577454274	"None"	"B.1.351"	"orf3a_q57h"	
"s:a701v"	15655	16074	"S"	"A"	"V"	701	"None"	"substitution"	0.973933059599353	"None"	"B.1.351"	"s_a701v"	
"n:t205i"	15526	16074	"N"	"T"	"I"	205	"None"	"substitution"	0.9659076769939032	"None"	"B.1.351"	"n_t205i"	
"orf1a:k1655n"	15393	16074	"ORF1a"	"K"	"N"	1655	"None"	"substitution"	0.9576334453154162	"None"	"B.1.351"	"orf1a_k1655n"	
"s:d215g"	15376	16074	"S"	"D"	"G"	215	"None"	"substitution"	0.9565758367550081	"None"	"B.1.351"	"s_d215g"	
"s:k417n"	15345	16074	"S"	"K"	"N"	417	"None"	"substitution"	0.9546472564389697	"None"	"B.1.351"	"s_k417n"	
"orf3a:s171l"	15038	16074	"ORF3a"	"S"	"L"	171	"None"	"substitution"	0.9355480900833645	"None"	"B.1.351"	"orf3a_s171l"	
"orf1a:del3675/3677"	14983	16074	"ORF1a"	"ORF1A:DEL3675/3677"	"DEL3675/3677"	3675	3677	"deletion"	0.9321264153291029	9	"B.1.351"	"orf1a_del3675_3677"	
"orf1b:p314l"	14572	16074	"ORF1b"	"P"	"L"	314	"None"	"substitution"	0.9065571730745303	"None"	"B.1.351"	"orf1b_p314l"	
"s:n501y"	14482	16074	"S"	"N"	"Y"	501	"None"	"substitution"	0.9009580689311932	"None"	"B.1.351"	"s_n501y"	
"s:e484k"	14383	16074	"S"	"E"	"K"	484	"None"	"substitution"	0.8947990543735225	"None"	"B.1.351"	"s_e484k"	
"s:del241/243"	12978	16074	"S"	"S:DEL241/243"	"DEL241/243"	241	243	"deletion"	0.8073908174692049	9	"B.1.351"	"s_del241_243"	
