mutation	mutation_count	lineage_count	gene	ref_aa	alt_aa	codon_num	codon_end	type	prevalence	change_length_nt	pangolin_lineage	id	source
"n:g204r"	1094	1095	"N"	"G"	"R"	204	"None"	"substitution"	0.9990867579908675	"None"	"B.1.1.318"	"n_g204r"	
"orf8:e106*"	1094	1095	"ORF8"	"E"	"*"	106	"None"	"substitution"	0.9990867579908675	"None"	"B.1.1.318"	"orf8_e106*"	
"n:r203k"	1093	1095	"N"	"R"	"K"	203	"None"	"substitution"	0.9981735159817352	"None"	"B.1.1.318"	"n_r203k"	
"orf1a:e1196v"	1093	1095	"ORF1a"	"E"	"V"	1196	"None"	"substitution"	0.9981735159817352	"None"	"B.1.1.318"	"orf1a_e1196v"	
"s:d614g"	1092	1095	"S"	"D"	"G"	614	"None"	"substitution"	0.9972602739726028	"None"	"B.1.1.318"	"s_d614g"	
"m:i82t"	1091	1095	"M"	"I"	"T"	82	"None"	"substitution"	0.9963470319634703	"None"	"B.1.1.318"	"m_i82t"	
"orf1a:a3209v"	1090	1095	"ORF1a"	"A"	"V"	3209	"None"	"substitution"	0.9954337899543378	"None"	"B.1.1.318"	"orf1a_a3209v"	
"orf1b:p314l"	1090	1095	"ORF1b"	"P"	"L"	314	"None"	"substitution"	0.9954337899543378	"None"	"B.1.1.318"	"orf1b_p314l"	
"orf1a:t3284i"	1089	1095	"ORF1a"	"T"	"I"	3284	"None"	"substitution"	0.9945205479452055	"None"	"B.1.1.318"	"orf1a_t3284i"	
"s:p681h"	1089	1095	"S"	"P"	"H"	681	"None"	"substitution"	0.9945205479452055	"None"	"B.1.1.318"	"s_p681h"	
"orf1a:del3675/3677"	1087	1095	"ORF1a"	"ORF1A:DEL3675/3677"	"DEL3675/3677"	3675	3677	"deletion"	0.9926940639269406	9	"B.1.1.318"	"orf1a_del3675_3677"	
"orf1a:t2936i"	1084	1095	"ORF1a"	"T"	"I"	2936	"None"	"substitution"	0.9899543378995433	"None"	"B.1.1.318"	"orf1a_t2936i"	
"s:e484k"	1083	1095	"S"	"E"	"K"	484	"None"	"substitution"	0.989041095890411	"None"	"B.1.1.318"	"s_e484k"	
"s:t95i"	1081	1095	"S"	"T"	"I"	95	"None"	"substitution"	0.9872146118721461	"None"	"B.1.1.318"	"s_t95i"	
"n:del209"	1080	1095	"N"	"N:DEL209"	"DEL209"	209	"None"	"deletion"	0.9863013698630136	"None"	"B.1.1.318"	"n_del209"	
"s:d796h"	1079	1095	"S"	"D"	"H"	796	"None"	"substitution"	0.9853881278538813	"None"	"B.1.1.318"	"s_d796h"	
"orf1a:k2511n"	1078	1095	"ORF1a"	"K"	"N"	2511	"None"	"substitution"	0.9844748858447488	"None"	"B.1.1.318"	"orf1a_k2511n"	
"orf1b:v2371m"	1013	1095	"ORF1b"	"V"	"M"	2371	"None"	"substitution"	0.9251141552511416	"None"	"B.1.1.318"	"orf1b_v2371m"	
"s:del144/145"	848	1095	"S"	"S:DEL144/145"	"DEL144/145"	144	145	"deletion"	0.7744292237442922	6	"B.1.1.318"	"s_del144_145"	
