mutation	mutation_count	lineage_count	gene	ref_aa	alt_aa	codon_num	codon_end	type	prevalence	change_length_nt	pangolin_lineage	id	source
"orf1b:p314l"	6531	6616	"ORF1b"	"P"	"L"	314	"None"	"substitution"	0.9871523579201935	"None"	"B.1.526.1"	"orf1b_p314l"	
"s:d614g"	6529	6616	"S"	"D"	"G"	614	"None"	"substitution"	0.9868500604594922	"None"	"B.1.526.1"	"s_d614g"	
"orf1a:t265i"	6527	6616	"ORF1a"	"T"	"I"	265	"None"	"substitution"	0.9865477629987908	"None"	"B.1.526.1"	"orf1a_t265i"	
"orf3a:q57h"	6512	6616	"ORF3a"	"Q"	"H"	57	"None"	"substitution"	0.9842805320435308	"None"	"B.1.526.1"	"orf3a_q57h"	
"orf1a:del3675/3677"	6499	6616	"ORF1a"	"ORF1A:DEL3675/3677"	"DEL3675/3677"	3675	3677	"deletion"	0.9823155985489722	9	"B.1.526.1"	"orf1a_del3675_3677"	
"n:m234i"	6495	6616	"N"	"M"	"I"	234	"None"	"substitution"	0.9817110036275696	"None"	"B.1.526.1"	"n_m234i"	
"s:l452r"	6488	6616	"S"	"L"	"R"	452	"None"	"substitution"	0.9806529625151149	"None"	"B.1.526.1"	"s_l452r"	
"n:t205i"	6485	6616	"N"	"T"	"I"	205	"None"	"substitution"	0.9801995163240629	"None"	"B.1.526.1"	"n_t205i"	
"orf1a:a3209v"	6479	6616	"ORF1a"	"A"	"V"	3209	"None"	"substitution"	0.9792926239419589	"None"	"B.1.526.1"	"orf1a_a3209v"	
"orf3a:p42l"	6425	6616	"ORF3a"	"P"	"L"	42	"None"	"substitution"	0.971130592503023	"None"	"B.1.526.1"	"orf3a_p42l"	
"orf1a:l3201p"	6399	6616	"ORF1a"	"L"	"P"	3201	"None"	"substitution"	0.9672007255139057	"None"	"B.1.526.1"	"orf1a_l3201p"	
"orf1a:v3847i"	6388	6616	"ORF1a"	"V"	"I"	3847	"None"	"substitution"	0.9655380894800484	"None"	"B.1.526.1"	"orf1a_v3847i"	
"orf1a:k3162e"	6386	6616	"ORF1a"	"K"	"E"	3162	"None"	"substitution"	0.9652357920193471	"None"	"B.1.526.1"	"orf1a_k3162e"	
"orf8:t11i"	6382	6616	"ORF8"	"T"	"I"	11	"None"	"substitution"	0.9646311970979444	"None"	"B.1.526.1"	"orf8_t11i"	
"s:f157s"	6309	6616	"S"	"F"	"S"	157	"None"	"substitution"	0.9535973397823458	"None"	"B.1.526.1"	"s_f157s"	
"orf8:a51s"	6306	6616	"ORF8"	"A"	"S"	51	"None"	"substitution"	0.9531438935912938	"None"	"B.1.526.1"	"orf8_a51s"	
"s:t859n"	6082	6616	"S"	"T"	"N"	859	"None"	"substitution"	0.9192865779927448	"None"	"B.1.526.1"	"s_t859n"	
"s:del144/145"	5947	6616	"S"	"S:DEL144/145"	"DEL144/145"	144	145	"deletion"	0.8988814993954051	6	"B.1.526.1"	"s_del144_145"	
"s:d950h"	5913	6616	"S"	"D"	"H"	950	"None"	"substitution"	0.8937424425634825	"None"	"B.1.526.1"	"s_d950h"	
"s:d80g"	5803	6616	"S"	"D"	"G"	80	"None"	"substitution"	0.8771160822249093	"None"	"B.1.526.1"	"s_d80g"	
