mutation	mutation_count	lineage_count	gene	ref_aa	alt_aa	codon_num	codon_end	type	prevalence	change_length_nt	pangolin_lineage	id	source
"s:q677h"	3751	3767	"S"	"Q"	"H"	677	"None"	"substitution"	0.9957525882665251	"None"	"B.1.525"	"s_q677h"	
"m:i82t"	3746	3767	"M"	"I"	"T"	82	"None"	"substitution"	0.9944252720998141	"None"	"B.1.525"	"m_i82t"	
"s:d614g"	3745	3767	"S"	"D"	"G"	614	"None"	"substitution"	0.994159808866472	"None"	"B.1.525"	"s_d614g"	
"orf1b:p314f"	3729	3767	"ORF1b"	"P"	"F"	314	"None"	"substitution"	0.9899123971329971	"None"	"B.1.525"	"orf1b_p314f"	
"s:e484k"	3706	3767	"S"	"E"	"K"	484	"None"	"substitution"	0.9838067427661269	"None"	"B.1.525"	"s_e484k"	
"orf1a:t2007i"	3703	3767	"ORF1a"	"T"	"I"	2007	"None"	"substitution"	0.9830103530661003	"None"	"B.1.525"	"orf1a_t2007i"	
"n:t205i"	3681	3767	"N"	"T"	"I"	205	"None"	"substitution"	0.9771701619325723	"None"	"B.1.525"	"n_t205i"	
"n:a12g"	3680	3767	"N"	"A"	"G"	12	"None"	"substitution"	0.9769046986992301	"None"	"B.1.525"	"n_a12g"	
"s:f888l"	3678	3767	"S"	"F"	"L"	888	"None"	"substitution"	0.9763737722325458	"None"	"B.1.525"	"s_f888l"	
"s:a67v"	3647	3767	"S"	"A"	"V"	67	"None"	"substitution"	0.9681444119989382	"None"	"B.1.525"	"s_a67v"	
"n:del3"	3646	3767	"N"	"N:DEL3"	"DEL3"	3	"None"	"deletion"	0.967878948765596	"None"	"B.1.525"	"n_del3"	
"orf6:del2/3"	3644	3767	"ORF6"	"ORF6:DEL2/3"	"DEL2/3"	2	3	"deletion"	0.9673480222989116	6	"B.1.525"	"orf6_del2_3"	
"orf1a:del3675/3677"	3638	3767	"ORF1a"	"ORF1A:DEL3675/3677"	"DEL3675/3677"	3675	3677	"deletion"	0.9657552428988585	9	"B.1.525"	"orf1a_del3675_3677"	
"s:del69/70"	3535	3767	"S"	"S:DEL69/70"	"DEL69/70"	69	70	"deletion"	0.9384125298646138	6	"B.1.525"	"s_del69_70"	
"s:del144/145"	3477	3767	"S"	"S:DEL144/145"	"DEL144/145"	144	145	"deletion"	0.9230156623307672	6	"B.1.525"	"s_del144_145"	
"e:l21f"	2966	3767	"E"	"L"	"F"	21	"None"	"substitution"	0.7873639500929122	"None"	"B.1.525"	"e_l21f"	
"s:q52r"	2951	3767	"S"	"Q"	"R"	52	"None"	"substitution"	0.7833820015927794	"None"	"B.1.525"	"s_q52r"	
